id,name,email,twitter,group,group_id,area,chamber,term,start_date,end_date,image,gender
abel_guerra_garza,Abel Guerra Garza,,,PRI,pri,,Chamber of Deputies,62,,,,
Q16213752,Abel Salgado Peña,,,PRI,pri,,Chamber of Deputies,62,,,,male
Q16194211,Abraham Montes Alvarado,,,PRI,pri,,Chamber of Deputies,62,,,,male
Q16213875,Adolfo Bonilla Gómez,,,PRI,pri,,Chamber of Deputies,62,,,,male
Q5658088,Adolfo Orive Bellinger,,,PT,pt,,Chamber of Deputies,62,,,,male
Q16195540,Adriana Fuentes Téllez,,,PRI,pri,,Chamber of Deputies,62,,,,female
Q5658341,Adriana González Carrillo,,,PAN,pan,,Chamber of Deputies,62,,,,female
Q16217335,Adriana Hernández Íñiguez,,,PRI,pri,,Chamber of Deputies,62,,,,female
Q16217424,Adriana López Moreno,,,PVEM,pvem,,Chamber of Deputies,62,,,,female
Q16196677,Adán David Ruiz,,,PRI,pri,,Chamber of Deputies,62,,,,male
Q16190119,Agustín Barrios Gómez,,,PRD,prd,,Chamber of Deputies,62,,,,male
alberto_anaya_gutiérrez,Alberto Anaya Gutiérrez,,,PAN,pan,,Chamber of Deputies,62,,,,
Q16195014,Alberto Coronado Quintanilla,,,PAN,pan,,Chamber of Deputies,62,,,,male
Q16187033,Alberto Curi Naime,,,PRI,pri,,Chamber of Deputies,62,,,,male
Q16215237,Alberto Díaz Trujillo,,,PAN,pan,,Chamber of Deputies,62,,,,male
Q5664630,Aleida Alavez Ruiz,,,PRD,prd,,Chamber of Deputies,62,,,,female
Q16213395,Alejandra López Noriega,,,PAN,pan,,Chamber of Deputies,62,,,,female
Q16190235,Alejandro Carbajal González,,,PRD,prd,,Chamber of Deputies,62,,,,male
Q5665275,Alejandro Moreno Cárdenas,,,PRI,pri,,Chamber of Deputies,62,,,,male
Q16194765,Alejandro Rangel Segovia,,,PRI,pri,,Chamber of Deputies,62,,,,male
Q5665530,Alejandro Sánchez Camacho,,,PRD,prd,,Chamber of Deputies,62,,,,male
Q16190495,Alfa González Magallanes,,,PRD,prd,,Chamber of Deputies,62,,,,female
Q4722024,Alfonso Durazo,,,MRN,mrn,,Chamber of Deputies,62,,,,male
Q16144304,Alfonso Inzunza Montoya,,,PRI,pri,,Chamber of Deputies,62,,,,male
Q16144498,Alfredo Anaya Gudiño,,,PRI,pri,,Chamber of Deputies,62,,,,male
Q16213727,Alfredo Rivadeneyra Hernández,,,PAN,pan,,Chamber of Deputies,62,,,,male
Q15379151,Alfredo Zamora García,,,PAN,pan,,Chamber of Deputies,62,,,,male
Q5399354,Alicia Ricalde Magaña,,,PAN,pan,,Chamber of Deputies,62,,,,female
Q16197535,Alliet Mariana Bautista,,,PRD,prd,,Chamber of Deputies,62,,,,female
Q16146032,Alma Arroyo Ruiz,,,PRI,pri,,Chamber of Deputies,62,,,,female
Q16196319,Alma Marina Vitela,,,PRI,pri,,Chamber of Deputies,62,,,,female
amalia_garcía_medina,Amalia García Medina,,,PRD,prd,,Chamber of Deputies,62,,,,
Q16186253,Amira Griselda Gómez,,,PRI,pri,,Chamber of Deputies,62,,,,female
Q16195850,Amílcar Villafuerte Trujillo,,,PVEM,pvem,,Chamber of Deputies,62,,,,male
ana_lilia_garza_cadenas,Ana Lilia Garza Cadenas,,,PVEM,pvem,,Chamber of Deputies,62,,,,
Q5675721,Andrés Eloy Martínez,,,MRN,mrn,,Chamber of Deputies,62,,,,male
Q16213738,Andrés de la Rosa Anaya,,,PAN,pan,,Chamber of Deputies,62,,,,male
Q16202094,Angelina Carreño Mijares,,,PRI,pri,,Chamber of Deputies,62,,,,female
Q16190824,Angélica Melchor Vásquez,,,PRD,prd,,Chamber of Deputies,62,,,,female
Q16146386,Antonio Astiazarán,,,PRI,pri,,Chamber of Deputies,62,,,,male
Q16198383,Antonio Cuéllar Steffan,,,PVEM,pvem,,Chamber of Deputies,62,,,,male
Q15303988,Antonio García Conejo,,,PRD,prd,,Chamber of Deputies,62,,,,male
Q16191209,Antonio Sansores Sastré,,,PRD,prd,,Chamber of Deputies,62,,,,male
Q16192681,Antonio de Jesús Díaz,,,PRI,pri,,Chamber of Deputies,62,,,,male
Q16191382,Araceli Torres Flores,,,PT,pt,,Chamber of Deputies,62,,,,female
Q5703388,Areli Madrid Tovilla,,,PRI,pri,,Chamber of Deputies,62,,,,female
Q16190306,Armando Contreras Ceballos,,,PRD,prd,,Chamber of Deputies,62,,,,male
Q4795351,Arnoldo Ochoa González,,,PRI,pri,,Chamber of Deputies,62,,,,male
Q16186201,Arturo Cruz Ramírez,,,PRD,prd,,Chamber of Deputies,62,,,,male
arturo_de_la_rosa_escalante,Arturo De la Rosa Escalante,,,PAN,pan,,Chamber of Deputies,62,,,,
Q4801730,Arturo Escobar y Vega,,,PVEM,pvem,,Chamber of Deputies,62,,,,male
Q16146542,Aurora Aguilar Rodríguez,,,PAN,pan,,Chamber of Deputies,62,,,,female
Q16218887,Aurora Ugalde,,,PRI,pri,,Chamber of Deputies,62,,,,female
Q16217678,Aída Valencia,,,MRN,mrn,,Chamber of Deputies,62,,,,female
Q15379160,Beatriz Yamamoto Cázarez,,,PAN,pan,,Chamber of Deputies,62,,,,female
Q16195928,Benito Caballero Garza,,,PRI,pri,,Chamber of Deputies,62,,,,male
Q16193044,Benjamín Castillo Valdez,,,PRI,pri,,Chamber of Deputies,62,,,,male
Q16194554,Blanca Estela Gómez Carmona,,,PRI,pri,,Chamber of Deputies,62,,,,female
Q16196079,Blanca Jiménez Castillo,,,PAN,pan,,Chamber of Deputies,62,,,,female
Q15379178,Blanca María Villaseñor,,,PRI,pri,,Chamber of Deputies,62,,,,female
Q16145714,Blas Ramón Rubio Lara,,,PRI,pri,,Chamber of Deputies,62,,,,male
Q16146176,Brasil Acosta Peña,,,PRI,pri,,Chamber of Deputies,62,,,,male
Q16146888,Brenda María Alvarado Sánchez,,,PRI,pri,,Chamber of Deputies,62,,,,female
Q16216746,Bárbara Romo Fonseca,,,PVEM,pvem,,Chamber of Deputies,62,,,,female
Q16206521,Carla Padilla Ramos,,,PVEM,pvem,,Chamber of Deputies,62,,,,female
Q16222415,Carla Reyes Montiel,,,PRD,prd,,Chamber of Deputies,62,,,,female
Q16213521,Carlos Alberto García González,,,PAN,pan,,Chamber of Deputies,62,,,,male
Q16190856,Carlos Augusto Morales López,,,PRD,prd,,Chamber of Deputies,62,,,,male
carlos_de_jesús_alejandro,Carlos De Jesús Alejandro,,,PRD,prd,,Chamber of Deputies,62,,,,
Q16144531,Carlos Fernando Angulo Parra,,,PAN,pan,,Chamber of Deputies,62,,,,male
Q16105261,Carlos Humberto Aceves,,,PRI,pri,,Chamber of Deputies,62,,,,male
Q16216503,Carlos Humberto Castaños,,,PAN,pan,,Chamber of Deputies,62,,,,male
Q16216504,Carlos Octavio Castellanos,,,PVEM,pvem,,Chamber of Deputies,62,,,,male
Q16213009,Carlos Sánchez Romero,,,PRI,pri,,Chamber of Deputies,62,,,,male
Q16204591,Carmen Pérez Camarena,,,PAN,pan,,Chamber of Deputies,62,,,,female
Q16146579,Carol Antonio Altamirano,,,PRD,prd,,Chamber of Deputies,62,,,,male
Q16190381,Catalino Duarte Ortuño,,,PRD,prd,,Chamber of Deputies,62,,,,male
Q16194084,Cecilia González Gómez,,,PRI,pri,,Chamber of Deputies,62,,,,female
Q16195543,Celia Isabel Gauna Ruiz,,,PRI,pri,,Chamber of Deputies,62,,,,female
Q16149925,Cesario Padilla Navarro,,,PRI,pri,,Chamber of Deputies,62,,,,male
Q15379224,Cinthya Valladares Couoh,,,PAN,pan,,Chamber of Deputies,62,,,,female
Q16213930,Claudia Delgadillo González,,,PRI,pri,,Chamber of Deputies,62,,,,female
Q16146538,Claudia Elena Aguila,,,PRD,prd,,Chamber of Deputies,62,,,,female
Q16190181,Claudia Elizabeth Bojórquez,,,PRD,prd,,Chamber of Deputies,62,,,,female
Q16147511,Consuelo Argüelles Loya,,,PAN,pan,,Chamber of Deputies,62,,,,female
Q16214427,Cristina González Cruz,,,PRI,pri,,Chamber of Deputies,62,,,,female
Q16185510,Cristina Olvera Barrios,,,PANAL,panal,,Chamber of Deputies,62,,,,female
Q5791520,Cristina Ruiz Sandoval,,,PRI,pri,,Chamber of Deputies,62,,,,female
Q16191390,Crystal Tovar Aragón,,,PRD,prd,,Chamber of Deputies,62,,,,female
Q16200557,César Reynaldo Navarro,,,PRI,pri,,Chamber of Deputies,62,,,,male
Q19948854,Damián Zepeda Vidales,,,PAN,pan,,Chamber of Deputies,62,,,,male
Q16146024,Darío Badillo Ramírez,,,PRI,pri,,Chamber of Deputies,62,,,,male
Q16213859,Darío Zacarías Capuchino,,,PRI,pri,,Chamber of Deputies,62,,,,male
Q16215267,David Galindo Delgado,,,PAN,pan,,Chamber of Deputies,62,,,,male
Q16218727,David Pérez Tejada,,,PVEM,pvem,,Chamber of Deputies,62,,,,male
Q16193612,Delfina Guzmán Díaz,,,PRI,pri,,Chamber of Deputies,62,,,,female
Q16147224,Delvim Fabiola Bárcenas,,,PRI,pri,,Chamber of Deputies,62,,,,female
Q16213322,Diana Velázquez Ramírez,,,PRI,pri,,Chamber of Deputies,62,,,,female
Q16221142,Diego Rodríguez Vallejo,,,PAN,pan,,Chamber of Deputies,62,,,,male
Q16191040,Domitilo Posadas Hernández,,,PRD,prd,,Chamber of Deputies,62,,,,male
Q16196292,Dora Talamante Lemas,,,PANAL,panal,,Chamber of Deputies,62,,,,female
Q16193760,Dulce María Muñíz,,,PRI,pri,,Chamber of Deputies,62,,,,female
Q16146233,Edilberto Algredo Jaramillo,,,PRD,prd,,Chamber of Deputies,62,,,,male
Q16197181,Eduardo Quian Alcocer,,,PRI,pri,,Chamber of Deputies,62,,,,male
Q16216569,Eligio González Farías,,,PRI,pri,,Chamber of Deputies,62,,,,male
Q16189553,Elizabeth Vargas Martín,,,PAN,pan,,Chamber of Deputies,62,,,,female
Q15379157,Elizabeth Yáñez Robles,,,PAN,pan,,Chamber of Deputies,62,,,,female
Q5829897,Eloy Cantú Segovia,,,PRI,pri,,Chamber of Deputies,62,,,,male
Q16147132,Elsa Patricia Araujo,,,PRI,pri,,Chamber of Deputies,62,,,,female
Q16186422,Elvia María Pérez,,,PRI,pri,,Chamber of Deputies,62,,,,female
Q16213662,Emilse Miranda Munive,,,PRI,pri,,Chamber of Deputies,62,,,,female
Q5833206,Enrique Cárdenas,,,PRI,pri,,Chamber of Deputies,62,,,,male
Q16202418,Enrique De Castro Palomino,,,PVEM,pvem,,Chamber of Deputies,62,,,,male
Q16221729,Enrique Flores Flores,,,PAN,pan,,Chamber of Deputies,62,,,,male
Q16212862,Erick Rivera Villanueva,,,PAN,pan,,Chamber of Deputies,62,,,,male
Q16215265,Erika Funes Velázquez,,,PRI,pri,,Chamber of Deputies,62,,,,female
Q16216040,Ernesto Alfonso Robledo,,,PAN,pan,,Chamber of Deputies,62,,,,male
Q16218701,Ernesto Núñez Aguilar,,,PVEM,pvem,,Chamber of Deputies,62,,,,male
Q16212075,Esther Angélica Martínez,,,PRI,pri,,Chamber of Deputies,62,,,,female
Q16150059,Esther Quintana Salinas,,,PAN,pan,,Chamber of Deputies,62,,,,female
Q5406856,Eufrosina Cruz,,,PAN,pan,,Chamber of Deputies,62,,,,female
Q16190364,Eva Diego Cruz,,,PRD,prd,,Chamber of Deputies,62,,,,female
Q16196928,Faustino Félix Chávez,,,PRI,pri,,Chamber of Deputies,62,,,,male
Q16196481,Federico González Luna,,,PVEM,pvem,,Chamber of Deputies,62,,,,male
Q16186998,Felipe Arturo Camarena,,,PVEM,pvem,,Chamber of Deputies,62,,,,male
felipe_muñoz_kapamas,Felipe Muñoz Kapamas,,,PRI,pri,,Chamber of Deputies,62,,,,
Q16146590,Felipe de Jesús Almaguer,,,PAN,pan,,Chamber of Deputies,62,,,,male
Q16196576,Fernando Alfredo Maldonado,,,PRI,pri,,Chamber of Deputies,62,,,,male
Q16190131,Fernando Belaunzarán,,,PRD,prd,,Chamber of Deputies,62,,,,male
Q15241452,Fernando Bribiesca Sahagún,,,PANAL,panal,,Chamber of Deputies,62,,,,male
Q16215732,Fernando Charleston,,,PRI,pri,,Chamber of Deputies,62,,,,male
Q16190336,Fernando Cuéllar Reyes,,,PRD,prd,,Chamber of Deputies,62,,,,male
fernando_de_las_fuentes,Fernando De las Fuentes,,,PRI,pri,,Chamber of Deputies,62,,,,
fernando_jorge_castro_trenti,Fernando Jorge Castro Trenti,,,PRI,pri,,Chamber of Deputies,62,,,,
Q1406714,Fernando Larrazábal Bretón,,,PAN,pan,,Chamber of Deputies,62,,,,male
Q5695097,Fernando Rodríguez Doval,,,PAN,pan,,Chamber of Deputies,62,,,,male
Q16196683,Fernando Salgado Delgado,,,PRI,pri,,Chamber of Deputies,62,,,,male
Q16194415,Fernando Zamora Morales,,,PRI,pri,,Chamber of Deputies,62,,,,male
Q16191526,Fernando Zárate Salgado,,,PRD,prd,,Chamber of Deputies,62,,,,male
Q5460225,Flor Ayala,,,PRI,pri,,Chamber of Deputies,62,,,,female
Q16216715,Flor Pedraza Aguilera,,,PAN,pan,,Chamber of Deputies,62,,,,female
Q16195954,Francisca Elena Corrales,,,PRI,pri,,Chamber of Deputies,62,,,,female
Q5865160,Francisco Arroyo Vieyra,,,PRI,pri,,Chamber of Deputies,62,,,,male
Q16187087,Francisco González Vargas,,,PRI,pri,,Chamber of Deputies,62,,,,male
Q16187092,Francisco Grajales Palacios,,,PRI,pri,,Chamber of Deputies,62,,,,male
Q16213950,Francisco Javier Fernández Clamont,,,PRI,pri,,Chamber of Deputies,62,,,,male
Q16206533,Francisco Pelayo Covarrubias,,,PAN,pan,,Chamber of Deputies,62,,,,male
Q16106429,Francisco Tomás Rodríguez Montero,,,PRD,prd,,Chamber of Deputies,62,,,,male
Q16207706,Francisco Zepeda González,,,PRI,pri,,Chamber of Deputies,62,,,,male
Q16196024,Gabriel Gómez Michel,,,PRI,pri,,Chamber of Deputies,62,,,,male
Q16190731,Gabriel López Rosado,,,PRD,prd,,Chamber of Deputies,62,,,,male
Q16201848,Gabriel de Jesús Cárdenas,,,PAN,pan,,Chamber of Deputies,62,,,,male
Q16222314,Gabriela Medrano Galindo,,,PVEM,pvem,,Chamber of Deputies,62,,,,female
Q16194585,Gaudencio Hernández Burgos,,,PRI,pri,,Chamber of Deputies,62,,,,male
Q16192643,Genaro Carreño Muro,,,PAN,pan,,Chamber of Deputies,62,,,,male
Q16186872,Genaro Ruiz Arriaga,,,PRI,pri,,Chamber of Deputies,62,,,,male
Q5878279,Gerardo Gaudiano Rovirosa,,,PRD,prd,,Chamber of Deputies,62,,,,male
Q8963888,Gerardo Liceaga Arteaga,,,PRI,pri,,Chamber of Deputies,62,,,,male
Q16195740,Gerardo Peña Avilés,,,PAN,pan,,Chamber of Deputies,62,,,,male
Q5878421,Gerardo Villanueva Albarrán,,,MRN,mrn,,Chamber of Deputies,62,,,https://upload.wikimedia.org/wikipedia/commons/9/96/Gerardovillanueva.jpg,male
Q16199553,Gerardo Xavier Hernández,,,PRI,pri,,Chamber of Deputies,62,,,,male
Q16200684,Germán Pacheco Díaz,,,PAN,pan,,Chamber of Deputies,62,,,,male
Q15640590,Gilberto Hirata,,,PRI,pri,,Chamber of Deputies,62,,,,male
Q16190886,Gisela Mota Ocampo,,,PRD,prd,,Chamber of Deputies,62,,,,female
Q16107496,Glafiro Salinas Mendiola,,,PAN,pan,,Chamber of Deputies,62,,,,male
Q16185245,Gloria Bautista Cuevas,,,PRD,prd,,Chamber of Deputies,62,,,,female
Q16223322,Gloria Elizabeth Núñez Sánchez,,,PRI,pri,,Chamber of Deputies,62,,,,female
Q16194307,Graciela Saldaña Fraire,,,PRD,prd,,Chamber of Deputies,62,,,,female
Q16190420,Guadalupe Flores Salazar,,,PRD,prd,,Chamber of Deputies,62,,,,female
Q16196635,Guadalupe Ortega Pacheco,,,PRI,pri,,Chamber of Deputies,62,,,,female
Q16191201,Guillermo Sánchez Torres,,,PRD,prd,,Chamber of Deputies,62,,,,male
Q16148791,Harvey Gutiérrez Álvarez,,,PRI,pri,,Chamber of Deputies,62,,,,male
Q16208284,Heberto Neblina,,,PAN,pan,,Chamber of Deputies,62,,,,male
Q5894858,Heriberto Galindo Quiñones,,,PRI,pri,,Chamber of Deputies,62,,,,male
Q16215456,Homero Niño de Rivera,,,PAN,pan,,Chamber of Deputies,62,,,,male
Q16190609,Hugo Jarquín,,,PRD,prd,,Chamber of Deputies,62,,,,male
Q16206550,Hugo Mauricio Pérez Anzueto,,,PRI,pri,,Chamber of Deputies,62,,,,male
Q16191203,Hugo Sandoval Martínez,,,PRD,prd,,Chamber of Deputies,62,,,,male
Q16146705,Humberto Alonso Morelli,,,PAN,pan,,Chamber of Deputies,62,,,,male
Q15144679,Humberto Prieto Herrera,,,PAN,pan,,Chamber of Deputies,62,,,,male
Q16195073,Héctor García García,,,PRI,pri,,Chamber of Deputies,62,,,,male
Q16194570,Héctor Humberto Gutiérrez,,,PRI,pri,,Chamber of Deputies,62,,,,male
Q16189416,Héctor Narcia Álvarez,,,PVEM,pvem,,Chamber of Deputies,62,,,,male
Q16122469,Héctor Roblero Gordillo,,,PT,pt,,Chamber of Deputies,62,,,,male
Q5920110,Irazema González Martínez,,,PRI,pri,,Chamber of Deputies,62,,,,female
Q16106929,Irma Elizondo Ramírez,,,PRI,pri,,Chamber of Deputies,62,,,,female
Q16146549,Isabel Allende Cano,,,PRI,pri,,Chamber of Deputies,62,,,,female
Q16213913,Isaías Cortés Berumen,,,PAN,pan,,Chamber of Deputies,62,,,,male
Q16190859,Israel Moreno Rivera,,,PRD,prd,,Chamber of Deputies,62,,,,male
Q16144704,Jaime Bonilla Valdez,,,MRN,mrn,,Chamber of Deputies,62,,,,male
Q16218625,Jaime Chris López,,,PRI,pri,,Chamber of Deputies,62,,,,male
Q16196036,Javier Filiberto Guevara,,,PRI,pri,,Chamber of Deputies,62,,,,male
Q16205932,Javier López Zavala,,,PRI,pri,,Chamber of Deputies,62,,,,male
Q16186819,Javier Orihuela García,,,PRD,prd,,Chamber of Deputies,62,,,,male
Q5928068,Javier Orozco Gómez,,,PVEM,pvem,,Chamber of Deputies,62,,,,male
Q5846280,Javier Salinas Narváez,,,PRD,prd,,Chamber of Deputies,62,,,,male
Q6165742,Javier Treviño,,,PRI,pri,,Chamber of Deputies,62,,,,male
Q16191179,Jessica Salazar Trejo,,,PRD,prd,,Chamber of Deputies,62,,,,female
Q16217677,Jesús Antonio Valdés Palazuelos,,,PRI,pri,,Chamber of Deputies,62,,,,male
Q5930460,Jesús Morales Flores,,,PRI,pri,,Chamber of Deputies,62,,,,male
Q7733036,Jesús Murillo Karam,,,PRI,pri,,Chamber of Deputies,62,,,,male
Q16196200,Jesús Oviedo Herrera,,,PAN,pan,,Chamber of Deputies,62,,,,male
Q16187288,Jesús Tolentino Román,,,PRI,pri,,Chamber of Deputies,62,,,,male
Q16190606,Jhonatan Jardines Fraire,,,PRD,prd,,Chamber of Deputies,62,,,,male
Q16190913,Joaquina Navarrete Contreras,,,PRD,prd,,Chamber of Deputies,62,,,,female
Q16213464,Joaquín Caballero Rosiñol,,,PRI,pri,,Chamber of Deputies,62,,,,male
Q16191429,Jorge Federico De la Vega Membrillo,,,PRD,prd,,Chamber of Deputies,62,,,,male
Q9012790,Jorge Francisco Sotomayor,,,PAN,pan,,Chamber of Deputies,62,,,,male
Q2888955,Jorge Herrera Delgado,,,PRI,pri,,Chamber of Deputies,62,,,,male
Q5935606,Jorge Mendoza Garza,,,PRI,pri,,Chamber of Deputies,62,,,,male
Q16192907,Jorge Rosiñol Abreu,,,PAN,pan,,Chamber of Deputies,62,,,https://upload.wikimedia.org/wikipedia/commons/2/24/Jorge_Rosiñol_Abreu.jpg,male
Q16191189,Jorge Salgado Parra,,,PRD,prd,,Chamber of Deputies,62,,,,male
Q16193392,Jorge Terán Juárez,,,PRI,pri,,Chamber of Deputies,62,,,,male
Q15379189,Jorge Villalobos Seañez,,,PAN,pan,,Chamber of Deputies,62,,,,male
Q16120664,Jorge del Ángel Acosta,,,PRI,pri,,Chamber of Deputies,62,,,,male
Q16214417,Josefina García Hernández,,,PRI,pri,,Chamber of Deputies,62,,,,female
Q16191193,Josefina Salinas Pérez,,,PRD,prd,,Chamber of Deputies,62,,,,female
Q16190135,José Alberto Benavides,,,PT,pt,,Chamber of Deputies,62,,,,male
Q16194295,José Alberto Rodríguez Calderón,,,PRI,pri,,Chamber of Deputies,62,,,,male
Q15111343,José Alejandro Llanas,,,PAN,pan,,Chamber of Deputies,62,,,,male
Q16187217,José Alejandro Montano,,,PRI,pri,,Chamber of Deputies,62,,,,male
Q16186990,José Alfredo Botello,,,PAN,pan,,Chamber of Deputies,62,,,,male
Q16193985,José Angelino Caamal,,,PANAL,panal,,Chamber of Deputies,62,,,,male
Q16186710,José Antonio Hurtado Gallegos,,,MC,mc,,Chamber of Deputies,62,,,,male
Q16107392,José Antonio León Mendivil,,,PRD,prd,,Chamber of Deputies,62,,,,male
Q16196674,José Antonio Rojo García,,,PRI,pri,,Chamber of Deputies,62,,,,male
Q5938355,José Arturo López Cándido,,,MRN,mrn,,Chamber of Deputies,62,,,,male
Q16215530,José Arturo Salinas Garza,,,PAN,pan,,Chamber of Deputies,62,,,,male
Q16188994,José Enrique Doger Guerrero,,,PRI,pri,,Chamber of Deputies,62,,,,male
Q16206802,José Enrique Reina Lizárraga,,,PAN,pan,,Chamber of Deputies,62,,,,male
Q16194226,José Everardo Nava,,,PRI,pri,,Chamber of Deputies,62,,,,male
Q16185298,José Francisco Coronato Rodríguez,,,MC,mc,,Chamber of Deputies,62,,,,male
Q5940123,José González Morfin,,,PAN,pan,,Chamber of Deputies,62,,,,male
Q16199374,José Guadalupe García Ramírez,,,PAN,pan,,Chamber of Deputies,62,,,,male
Q5888283,José Guillermo Anaya Llamas,,,PAN,pan,,Chamber of Deputies,62,,,,male
Q16189556,José Humberto Vega Vázquez,,,PRD,prd,,Chamber of Deputies,62,,,,male
Q16195987,José Ignacio Duarte Murillo,,,PRI,pri,,Chamber of Deputies,62,,,,male
Q5940656,José Isabel Trejo,,,PAN,pan,,Chamber of Deputies,62,,,,male
Q16214099,José Isidro Moreno Árcega,,,PRI,pri,,Chamber of Deputies,62,,,,male
Q16189058,José Luis Cruz Flores Gómez,,,PRI,pri,,Chamber of Deputies,62,,,,male
Q16185330,José Luis Esquivel Zalpa,,,PRD,prd,,Chamber of Deputies,62,,,,male
Q16187072,José Luis Flores Méndez,,,PRI,pri,,Chamber of Deputies,62,,,,male
Q16122010,José Luis Muñoz Soria,,,PRD,prd,,Chamber of Deputies,62,,,,male
Q16196581,José Luis Márquez Martínez,,,PRI,pri,,Chamber of Deputies,62,,,,male
Q5941545,José Luis Oliveros Usabiaga,,,PAN,pan,,Chamber of Deputies,62,,,,male
Q15379222,José Luis Valle Magaña,,,MC,mc,,Chamber of Deputies,62,,,,male
Q16186781,José Manzur Quiroga,,,PRI,pri,,Chamber of Deputies,62,,,,male
Q16214055,José Martín López Cisneros,,,PAN,pan,,Chamber of Deputies,62,,,,male
Q16194256,José Noel Pérez de Alba,,,PRI,pri,,Chamber of Deputies,62,,,,male
Q16193258,José Pilar Moreno,,,PRI,pri,,Chamber of Deputies,62,,,,male
Q5945029,José Rangel Espinosa,,,PRI,pri,,Chamber of Deputies,62,,,,male
Q16193569,José Rubén Escajeda,,,PRI,pri,,Chamber of Deputies,62,,,,male
Q16107515,José Soto Martínez,,,MC,mc,,Chamber of Deputies,62,,,,male
Q16190775,José Valentín Maldonado Salgado,,,PRD,prd,,Chamber of Deputies,62,,,,male
Q16193121,José Ángel González Serna,,,PAN,pan,,Chamber of Deputies,62,,,,male
Q5946622,José Ángel Ávila Pérez,,,PRD,prd,,Chamber of Deputies,62,,,,male
Q6299090,Juan Bueno Torio,,,PAN,pan,,Chamber of Deputies,62,,,https://upload.wikimedia.org/wikipedia/commons/a/ae/Juan_Bueno_Torio_01.JPG,male
Q16145573,Juan Carlos Muñoz Márquez,,,PAN,pan,,Chamber of Deputies,62,,,,male
Q16196747,Juan Carlos Uribe Padilla,,,PAN,pan,,Chamber of Deputies,62,,,,male
Q5865517,Juan Francisco Cáceres,,,PAN,pan,,Chamber of Deputies,62,,,,male
Q16189491,Juan Ignacio Samperio,,,MC,mc,,Chamber of Deputies,62,,,,male
juan_isidro_del_bosque,Juan Isidro Del Bosque,,,PRI,pri,,Chamber of Deputies,62,,,,
Q16147721,Juan Jesús Aquino Calvo,,,PAN,pan,,Chamber of Deputies,62,,,,male
Q16214075,Juan Luis Martínez Martínez,,,MRN,mrn,,Chamber of Deputies,62,,,,male
Q16195451,Juan Manuel Carbajal Hernández,,,PRI,pri,,Chamber of Deputies,62,,,,male
Q16148425,Juan Manuel Diez Francos,,,PRI,pri,,Chamber of Deputies,62,,,,male
Q16190426,Juan Manuel Fócil Pérez,,,PRD,prd,,Chamber of Deputies,62,,,,male
Q16186248,Juan Manuel Gastélum,,,PAN,pan,,Chamber of Deputies,62,,,,male
Q16193826,Juan Manuel Rocha Piedra,,,PRI,pri,,Chamber of Deputies,62,,,,male
Q16146246,Juan Pablo Adame,,,PAN,pan,,Chamber of Deputies,62,,,,male
Q16190187,Juana Bonilla Jaime,,,PRD,prd,,Chamber of Deputies,62,,,,female
Q16194092,Judit Magdalena Guerrero,,,PVEM,pvem,,Chamber of Deputies,62,,,,female
Q16196461,Julio César Flemate,,,PRI,pri,,Chamber of Deputies,62,,,,male
Q16216654,Julio César Lorenzini,,,PAN,pan,,Chamber of Deputies,62,,,,male
Q16190863,Julio César Moreno Rivera,,,PRD,prd,,Chamber of Deputies,62,,,,male
Q16190821,Julisa Mejía Guardado,,,PRD,prd,,Chamber of Deputies,62,,,,female
Q16144557,Kamel Athie Flores,,,PRI,pri,,Chamber of Deputies,62,,,,male
Q16191081,Karen Quiroga Anguiano,,,PRD,prd,,Chamber of Deputies,62,,,,female
Q16215881,Karina Labastida Sotelo,,,PAN,pan,,Chamber of Deputies,62,,,,female
landy_berzuenza_novelo,Landy Berzuenza Novelo,,,PRI,pri,,Chamber of Deputies,62,,,,
Q16204690,Laura Barrera Fortoul,,,PRI,pri,,Chamber of Deputies,62,,,,female
Q16232009,Laura Guadalupe Vargas Vargas,,,PRI,pri,,Chamber of Deputies,62,,,,female
Q16223781,Laura Martel Cantú,,,PVEM,pvem,,Chamber of Deputies,62,,,,female
Q16149263,Leobardo Alcalá,,,PRI,pri,,Chamber of Deputies,62,,,,male
Q16192905,Leonor Romero Sevilla,,,PAN,pan,,Chamber of Deputies,62,,,,female
Q16213755,Leopoldo Sánchez Cruz,,,PRI,pri,,Chamber of Deputies,62,,,,male
Q16215997,Leslie Pantoja Hernández,,,PAN,pan,,Chamber of Deputies,62,,,,female
Q16213465,Leticia Calderón Ramírez,,,PRI,pri,,Chamber of Deputies,62,,,,female
Q16194659,Leticia López Landero,,,PAN,pan,,Chamber of Deputies,62,,,,female
Q16146555,Lilia Aguilar Gil,,,PT,pt,,Chamber of Deputies,62,,,,female
Q16215726,Liliana Castillo Terreros,,,PAN,pan,,Chamber of Deputies,62,,,,female
Q16188900,Lisandro Campos Córdova,,,PRI,pri,,Chamber of Deputies,62,,,,male
Q5977552,Lizbeth Gamboa Song,,,PRI,pri,,Chamber of Deputies,62,,,,female
Q16191148,Lizbeth Rosas Montero,,,PRD,prd,,Chamber of Deputies,62,,,,female
Q16200396,Lorena Méndez Denis,,,MRN,mrn,,Chamber of Deputies,62,,,,female
Q15379214,Lorenia Valles Sampedro,,,PRD,prd,,Chamber of Deputies,62,,,,female
Q16186821,Loretta Ortíz Ahlf,,,MRN,mrn,,Chamber of Deputies,62,,,,female
Q16185537,Lourdes Quiñones Canales,,,PRI,pri,,Chamber of Deputies,62,,,,female
Q16148680,Lucila Garfias,,,PANAL,panal,,Chamber of Deputies,62,,,,female
Q5680996,Luis Alberto Villarreal,,,PAN,pan,,Chamber of Deputies,62,,,,male
Q16187227,Luis Alfredo Murguía,,,PRI,pri,,Chamber of Deputies,62,,,,male
Q16196954,Luis Antonio González Roldán,,,PANAL,panal,,Chamber of Deputies,62,,,,male
Q16199233,Luis Armando Córdova Díaz,,,PRI,pri,,Chamber of Deputies,62,,,,male
Q16220929,Luis Gómez Gómez,,,PRI,pri,,Chamber of Deputies,62,,,,male
Q16150221,Luis Manuel Arias Pallares,,,PRD,prd,,Chamber of Deputies,62,,,,male
Q16206746,Luis Miguel Ramírez Romero,,,PAN,pan,,Chamber of Deputies,62,,,,male
Q16213407,Luis Olvera Correa,,,PRI,pri,,Chamber of Deputies,62,,,,male
Q6107974,Luis Ricardo Aldana,,,PRI,pri,,Chamber of Deputies,62,,,,male
Q16190395,Luis Ángel Espinoza Cházaro,,,PRD,prd,,Chamber of Deputies,62,,,,male
Q15156389,Luisa María Alcalde Luján,,,MRN,mrn,,Chamber of Deputies,62,,,,female
Q16193272,Magdalena Núñez Monreal,,,PT,pt,,Chamber of Deputies,62,,,,female
Q2355497,Manlio Fabio Beltrones,,,PRI,pri,,Chamber of Deputies,62,,,,male
Q5992337,Manuel Añorve Baños,,,PRI,pri,,Chamber of Deputies,62,,,,male
Q16190571,Manuel Rafael Huerta,,,MRN,mrn,,Chamber of Deputies,62,,,,male
Q16200663,Marcelina Orta Coronado,,,PAN,pan,,Chamber of Deputies,62,,,,female
Q16190462,Marcelo Garza Ruvalcaba,,,PRD,prd,,Chamber of Deputies,62,,,,male
Q16196739,Marcelo Torres Cofiño,,,PAN,pan,,Chamber of Deputies,62,,,,male
Q16194379,Marco Alonso Vela,,,PRI,pri,,Chamber of Deputies,62,,,,male
Q16147052,Marco Antonio Barba Mariscal,,,PRI,pri,,Chamber of Deputies,62,,,,male
Q5804242,Marco Antonio Bernal,,,PRI,pri,,Chamber of Deputies,62,,,,male
Q16195445,Marco Antonio Calzada,,,PRI,pri,,Chamber of Deputies,62,,,,male
Q16213970,Marco Antonio González Valdez,,,PRI,pri,,Chamber of Deputies,62,,,,male
Q16147435,Marcos Aguilar Vega,,,PAN,pan,,Chamber of Deputies,62,,,,male
Q16190818,Marcos Rosendo Medina Filigrana,,,PRD,prd,,Chamber of Deputies,62,,,,male
Q16193215,Margarita Licea González,,,PAN,pan,,Chamber of Deputies,62,,,,female
Q15279158,Margarita Saldaña Hernández,,,PAN,pan,,Chamber of Deputies,62,,,https://upload.wikimedia.org/wikipedia/commons/1/1f/Margarita_Saldana_Hernández.jpg,female
Q16191329,Margarita Tapia Fonllem,,,PRD,prd,,Chamber of Deputies,62,,,,female
maria_elena_cano_ayala,Maria Elena Cano Ayala,,,PRI,pri,,Chamber of Deputies,62,,,,
maria_del_carmen_ordaz,Maria del Carmen Ordaz,,,PRI,pri,,Chamber of Deputies,62,,,,
Q16214847,Mariana García Rojas,,,PAN,pan,,Chamber of Deputies,62,,,,female
maricela_velázquez_sánchez,Maricela Velázquez Sánchez,,,PRI,pri,,Chamber of Deputies,62,,,,
Q16213482,Maricruz Cruz Morales,,,PRI,pri,,Chamber of Deputies,62,,,,female
Q16185355,Marina Garay Cabada,,,PRI,pri,,Chamber of Deputies,62,,,,female
Q16190838,Marino Miranda Salgado,,,PRD,prd,,Chamber of Deputies,62,,,,male
Q16193067,Mario Alberto Dávila Delgado,,,PAN,pan,,Chamber of Deputies,62,,,,male
Q16190338,Mario Alejandro Cuevas Mena,,,PRD,prd,,Chamber of Deputies,62,,,,male
Q16211341,Mario Francisco Guillén Guillén,,,PVEM,pvem,,Chamber of Deputies,62,,,,male
Q16114270,Mario Miguel Carrillo Huerta,,,PRD,prd,,Chamber of Deputies,62,,,,male
Q15122091,Mario Rafael Méndez Martínez,,,PRD,prd,,Chamber of Deputies,62,,,,male
Q12181749,Mario Sánchez Ruiz,,,PAN,pan,,Chamber of Deputies,62,,,,male
Q16146941,Martha Berenice Álvarez Tovar,,,PAN,pan,,Chamber of Deputies,62,,,,female
Q16196881,Martha Córdova Bernal,,,MC,mc,,Chamber of Deputies,62,,,,female
Q16193611,Martha Gutiérrez Manrique,,,PRI,pri,,Chamber of Deputies,62,,,,female
Q6002129,Martha Lucía Mícher,,,PRD,prd,,Chamber of Deputies,62,,,,female
martha_sosa_govea,Martha Sosa Govea,,,PAN,pan,,Chamber of Deputies,62,,,,
Q15379167,Martha Vital,,,PVEM,pvem,,Chamber of Deputies,62,,,,female
Q5475632,Martí Batres,,,MRN,mrn,,Chamber of Deputies,62,,,https://upload.wikimedia.org/wikipedia/commons/1/1a/Martí_Batres_Guadarrama.JPG,male
Q16195584,Martín Alonso Heredia,,,PAN,pan,,Chamber of Deputies,62,,,,male
Q15379197,Martín Vásquez Villanueva,,,PRI,pri,,Chamber of Deputies,62,,,,male
Q16215400,María Angélica Magaña Zepeda,,,PRI,pri,,Chamber of Deputies,62,,,,female
maría_beatriz_zavala_peniche,María Beatriz Zavala Peniche,,,PAN,pan,,Chamber of Deputies,62,,,,
Q15256243,María Carmen López Segura,,,PRI,pri,,Chamber of Deputies,62,,,,female
Q16151656,María Ceseñas Chapa,,,PRD,prd,,Chamber of Deputies,62,,,,female
Q16193268,María Concepción Navarrete,,,PRI,pri,,Chamber of Deputies,62,,,,female
Q16195476,María Corona Nakamura,,,PRI,pri,,Chamber of Deputies,62,,,,female
Q16241944,María Elia Cabañas,,,PRI,pri,,Chamber of Deputies,62,,,,female
Q6003708,María Elvia Amaya Araujo,,,PRI,pri,,Chamber of Deputies,62,,,https://upload.wikimedia.org/wikipedia/commons/4/43/Maria_Elvia_Amaya_de_Hank.jpg,female
Q16120979,María Esther Garza Moreno,,,PRI,pri,,Chamber of Deputies,62,,,,female
Q16231520,María Fernanda Romero Lozano,,,MRN,mrn,,Chamber of Deputies,62,,,,female
Q16192924,María Fernanda Schroeder,,,PRI,pri,,Chamber of Deputies,62,,,,female
Q16189269,María García Olmedo,,,PRI,pri,,Chamber of Deputies,62,,,,female
Q16199382,María García Romero,,,PRI,pri,,Chamber of Deputies,62,,,,female
Q16190844,María Guadalupe Moctezuma,,,PRD,prd,,Chamber of Deputies,62,,,,female
Q6003878,María Guadalupe Mondragón,,,PAN,pan,,Chamber of Deputies,62,,,,female
Q16150242,María Guadalupe Sánchez Santiago,,,PRI,pri,,Chamber of Deputies,62,,,,female
Q16224023,María Guadalupe Velázquez Díaz,,,PRI,pri,,Chamber of Deputies,62,,,,female
Q16215468,María Isabel Ortíz Mantilla,,,PAN,pan,,Chamber of Deputies,62,,,,female
Q16187202,María Leticia Mendoza Curiel,,,PRI,pri,,Chamber of Deputies,62,,,,female
Q16190791,María Martínez Santillán,,,PT,pt,,Chamber of Deputies,62,,,,female
Q16186827,María Pariente Gavito,,,PVEM,pvem,,Chamber of Deputies,62,,,,female
Q16194272,María Ramírez Diez,,,PAN,pan,,Chamber of Deputies,62,,,,female
Q16151159,María Sanjuana Cerda Franco,,,PANAL,panal,,Chamber of Deputies,62,,,,female
Q16223183,María Teresa Jiménez Esquivel,,,PAN,pan,,Chamber of Deputies,62,,,,female
Q16193411,María Urciel Castañeda,,,PAN,pan,,Chamber of Deputies,62,,,,female
Q15379174,María Villaseñor Vargas,,,PRI,pri,,Chamber of Deputies,62,,,,female
Q16148967,María de Jesús Huerta,,,PRI,pri,,Chamber of Deputies,62,,,,female
Q16147223,María de Lourdes Amaya,,,PRD,prd,,Chamber of Deputies,62,,,,female
Q16186677,María de las Nieves García,,,PRI,pri,,Chamber of Deputies,62,,,,female
Q16190830,María del Rosario Merlín,,,PRD,prd,,Chamber of Deputies,62,,,,female
Q15148611,Mauricio Sahui Rivero,,,PRI,pri,,Chamber of Deputies,62,,,,male
Q10888878,Maximiliano Cortázar,,,PAN,pan,,Chamber of Deputies,62,,,,male
Q16214153,Mayra Karina Robles Aguirre,,,PRI,pri,,Chamber of Deputies,62,,,,female
Q16221305,Merilyn Gómez Pozos,,,MC,mc,,Chamber of Deputies,62,,,,female
Q5846799,Miguel Alonso Raya,,,PRI,pri,,Chamber of Deputies,62,,,,male
Q16196684,Miguel Sámano Peralta,,,PRI,pri,,Chamber of Deputies,62,,,,male
Q16146526,Miguel Ángel Aguayo,,,PRI,pri,,Chamber of Deputies,62,,,,male
Q16186608,Minerva Castillo Rodríguez,,,PRI,pri,,Chamber of Deputies,62,,,,female
Q16195453,Miriam Cárdenas Cantú,,,PRI,pri,,Chamber of Deputies,62,,,,female
Q16194111,Mirna Esmeralda Hernández,,,PRI,pri,,Chamber of Deputies,62,,,,female
Q16189557,Mirna Velázquez López,,,PRI,pri,,Chamber of Deputies,62,,,,female
Q16213690,Máximo Othón Zayas,,,PAN,pan,,Chamber of Deputies,62,,,,male
Q16220920,Mónica García de la Fuente,,,PVEM,pvem,,Chamber of Deputies,62,,,,female
Q6037076,Nabor Ochoa López,,,PVEM,pvem,,Chamber of Deputies,62,,,,male
Q6039583,Nelly González Aguilar,,,PAN,pan,,Chamber of Deputies,62,,,,female
Q15379205,Nelly Vargas,,,MC,mc,,Chamber of Deputies,62,,,,female
Q16195750,Norma Ponce Orozco,,,PRI,pri,,Chamber of Deputies,62,,,,female
Q16204837,Noé Barrueta,,,PRI,pri,,Chamber of Deputies,62,,,,male
Q16196058,Noé Hernández González,,,PRI,pri,,Chamber of Deputies,62,,,,male
Q16196591,Nuvia Mayorga Delgado,,,PRI,pri,,Chamber of Deputies,62,,,,female
Q16194556,Néstor Octavio Gordillo Castillo,,,PAN,pan,,Chamber of Deputies,62,,,,male
Q16199744,Omar Antonio Borboa,,,PAN,pan,,Chamber of Deputies,62,,,,male
Q16216731,Oscar Eduardo Ramírez Aguilar,,,PVEM,pvem,,Chamber of Deputies,62,,,,male
Q16215027,Ossiel Niaves López,,,PRI,pri,,Chamber of Deputies,62,,,,male
Q16214497,Patricia Lugo Barriga,,,PAN,pan,,Chamber of Deputies,62,,,,female
Q16216717,Patricia Peña Recio,,,PRI,pri,,Chamber of Deputies,62,,,,female
Q16193322,Patricia Retamoza,,,PRI,pri,,Chamber of Deputies,62,,,,female
Q16151254,Patricio Flores Sandoval,,,PRI,pri,,Chamber of Deputies,62,,,,male
Q16222329,Paulina Alejandra Del Moral,,,PRI,pri,,Chamber of Deputies,62,,,,female
Q16211243,Pedro Gómez Gómez,,,PRI,pri,,Chamber of Deputies,62,,,,male
Q16213496,Pedro Ignacio Domínguez,,,PRI,pri,,Chamber of Deputies,62,,,,male
Q7159849,Pedro Pablo Treviño Villarreal,,,PRI,pri,,Chamber of Deputies,62,,,https://upload.wikimedia.org/wikipedia/commons/d/df/Pedro_Pablo_Trevino_Villarreal.jpg,male
Q16191035,Pedro Porras Pérez,,,PRD,prd,,Chamber of Deputies,62,,,,male
Q16193947,Petra Barrera Barrera,,,PRI,pri,,Chamber of Deputies,62,,,,female
Q16222519,Ponciano Vázquez Parissi,,,PRI,pri,,Chamber of Deputies,62,,,,male
Q6093372,Purificación Carpinteyro Calderón,,,PRD,prd,,Chamber of Deputies,62,,,https://upload.wikimedia.org/wikipedia/commons/0/04/Purificación_Carpinteyro.jpg,female
Q16242962,Raciel López Salazar,,,PVEM,pvem,,Chamber of Deputies,62,,,,male
Q16143384,Rafael Acosta Croda,,,PAN,pan,,Chamber of Deputies,62,,,,male
Q16212228,Rafael Alejandro Micalco,,,PAN,pan,,Chamber of Deputies,62,,,,male
Q16218506,Rafael González Reséndiz,,,PRI,pri,,Chamber of Deputies,62,,,,male
Q16190850,Ramón Montalvo Hernández,,,PRD,prd,,Chamber of Deputies,62,,,,male
Q9066352,Ramón Sampayo Ortíz,,,PAN,pan,,Chamber of Deputies,62,,,,male
Q16196522,Raquel Jiménez Cerrillo,,,PAN,pan,,Chamber of Deputies,62,,,,female
Q16205939,Raudel López López,,,PAN,pan,,Chamber of Deputies,62,,,,male
Q16215868,Raymundo King,,,PRI,pri,,Chamber of Deputies,62,,,,male
Q16195550,Raúl Gómez Ramírez,,,PAN,pan,,Chamber of Deputies,62,,,,male
Q16105991,Raúl Macías Sandoval,,,PRI,pri,,Chamber of Deputies,62,,,,male
Q16216000,Raúl Paz Alonzo,,,PAN,pan,,Chamber of Deputies,62,,,,male
Q16106631,Raúl Santos Galván Villanueva,,,PRI,pri,,Chamber of Deputies,62,,,,male
Q16193893,Rebeca Terán Guevara,,,PRI,pri,,Chamber of Deputies,62,,,,female
Q16221662,Regina Vázquez Saut,,,PRI,pri,,Chamber of Deputies,62,,,,female
Q16223124,René Fujiwara,,,PANAL,panal,,Chamber of Deputies,62,,,,male
Q2894271,Ricardo Anaya Cortés,,,PAN,pan,,Chamber of Deputies,62,,,,male
Q16146425,Ricardo Astudillo Suárez,,,PVEM,pvem,,Chamber of Deputies,62,,,,male
Q6108068,Ricardo Cantú Garza,,,PT,pt,,Chamber of Deputies,62,,,,male
Q16215422,Ricardo Medina Fierro,,,PRI,pri,,Chamber of Deputies,62,,,,male
Q6108337,Ricardo Mejía Berdeja,,,MC,mc,,Chamber of Deputies,62,,,,male
ricardo_monreal_Ávila,Ricardo Monreal Ávila,,,MRN,mrn,,Chamber of Deputies,62,,,,
Q6108393,Ricardo Pacheco Rodríguez,,,PRI,pri,,Chamber of Deputies,62,,,,male
Q16221666,Ricardo Villarreal García,,,PAN,pan,,Chamber of Deputies,62,,,,male
Q16206808,Roberto Carlos Reyes Gámiz,,,PRD,prd,,Chamber of Deputies,62,,,,male
Q16190734,Roberto López González,,,PRD,prd,,Chamber of Deputies,62,,,,male
Q16194169,Roberto López Rosado,,,PRD,prd,,Chamber of Deputies,62,,,,male
Q16190739,Roberto López Suárez,,,PRD,prd,,Chamber of Deputies,62,,,,male
roberto_ruiz_moronatti,Roberto Ruiz Moronatti,,,PRI,pri,,Chamber of Deputies,62,,,,
Q16146067,Rocío Abreu Artiñano,,,PRI,pri,,Chamber of Deputies,62,,,,female
Q16200923,Rocío Reza Gallegos,,,PAN,pan,,Chamber of Deputies,62,,,,female
Q16197234,Rodimiro Barrera Estrada,,,PRI,pri,,Chamber of Deputies,62,,,,male
Q6110490,Rodolfo Dorador,,,PAN,pan,,Chamber of Deputies,62,,,,male
Q16193512,Rodrigo Chávez Contreras,,,MRN,mrn,,Chamber of Deputies,62,,,,male
Q16190498,Rodrigo González Barrios,,,PRD,prd,,Chamber of Deputies,62,,,,male
Q16137131,Román Padilla Fierro,,,PRI,pri,,Chamber of Deputies,62,,,,male
Q16204869,Rosa Elba Pérez,,,PVEM,pvem,,Chamber of Deputies,62,,,,female
Q6112158,Rosa Elia Romero Guzmán,,,PT,pt,,Chamber of Deputies,62,,,,female
rosalba_de_la_cruz_requena,Rosalba De la Cruz Requena,,,PRI,pri,,Chamber of Deputies,62,,,,
Q16196493,Rosalba Gualito Castañeda,,,PRI,pri,,Chamber of Deputies,62,,,,female
Q16191237,Rosendo Serrano Toledo,,,PRD,prd,,Chamber of Deputies,62,,,,male
Q16190747,Roxana Luna Porquillo,,,PRD,prd,,Chamber of Deputies,62,,,,female
Q16214426,Roy Argel Gómez Olguín,,,PRI,pri,,Chamber of Deputies,62,,,,male
Q16146189,Rubén Acosta Montoya,,,PVEM,pvem,,Chamber of Deputies,62,,,,male
Q6113181,Rubén Camarillo Ortega,,,PAN,pan,,Chamber of Deputies,62,,,,male
Q16195530,Rubén Félix Hays,,,PANAL,panal,,Chamber of Deputies,62,,,,male
ruth_zavaleta_salgado,Ruth Zavaleta Salgado,,,PVEM,pvem,,Chamber of Deputies,62,,,,
salomón_juan_marcos_issa,Salomón Juan Marcos Issa,,,PRI,pri,,Chamber of Deputies,62,,,,
Q16147432,Salvador Arellano Guzmán,,,PRI,pri,,Chamber of Deputies,62,,,,male
Q6117631,Salvador Barajas del Toro,,,PRI,pri,,Chamber of Deputies,62,,,,male
Q16195722,Salvador Ortíz García,,,PRI,pri,,Chamber of Deputies,62,,,,male
Q16193830,Salvador Romero Valencia,,,PRI,pri,,Chamber of Deputies,62,,,,male
Q16199494,Samuel Gurrión Matías,,,PRI,pri,,Chamber of Deputies,62,,,,male
Q16191144,Sebastián De la Rosa Peláez,,,PRD,prd,,Chamber of Deputies,62,,,,male
Q16214778,Sergio Armando Chávez Davalos,,,PRI,pri,,Chamber of Deputies,62,,,,male
Q16196863,Sergio Augusto Chan Lugo,,,PAN,pan,,Chamber of Deputies,62,,,,male
Q16196740,Sergio Torres Félix,,,PRI,pri,,Chamber of Deputies,62,,,,male
Q7515707,Silvano Aureoles Conejo,,,PRD,prd,,Chamber of Deputies,62,,,,male
Q16190172,Silvano Blanco Deaquino,,,PRD,prd,,Chamber of Deputies,62,,,,male
Q16194182,Silvia Márquez Velasco,,,PRI,pri,,Chamber of Deputies,62,,,,female
Q16194849,Simón Valanci,,,PRI,pri,,Chamber of Deputies,62,,,,male
Q16194758,Socorro Quintana León,,,PRI,pri,,Chamber of Deputies,62,,,,female
Q16200402,Sonia Catalina Mercado,,,PRI,pri,,Chamber of Deputies,62,,,,female
Q16151944,Sonia Rincón Chanona,,,PANAL,panal,,Chamber of Deputies,62,,,,female
Q16193056,Soraya Córdova,,,PRI,pri,,Chamber of Deputies,62,,,,female
Q16199015,Sue Ellen Bernal,,,PRI,pri,,Chamber of Deputies,62,,,,female
Q16223820,Tania Morgan Navarrete,,,PAN,pan,,Chamber of Deputies,62,,,,female
Q16217576,Tanya Rellstab Carreto,,,PRI,pri,,Chamber of Deputies,62,,,,female
Q5851029,Teresa Mojica,,,PRD,prd,,Chamber of Deputies,62,,,,female
Q16190190,Teresita de Jesús Borges,,,PRD,prd,,Chamber of Deputies,62,,,,female
Q16190202,Tomás Brito Lara,,,PRD,prd,,Chamber of Deputies,62,,,,male
Q16145455,Tomás López Landero,,,PRI,pri,,Chamber of Deputies,62,,,,male
Q7820523,Tomás Torres Mercado,,,PVEM,pvem,,Chamber of Deputies,62,,,,male
Q6152748,Trinidad Morales Vargas,,,PRD,prd,,Chamber of Deputies,62,,,,male
Q16190423,Uriel Flores Aguayo,,,PRD,prd,,Chamber of Deputies,62,,,,male
Q16186685,Valentín González Bautista,,,PRD,prd,,Chamber of Deputies,62,,,,male
Q16213369,Verónica Carreón Cervantes,,,PRI,pri,,Chamber of Deputies,62,,,,female
Q16190459,Verónica García Reyes,,,PRD,prd,,Chamber of Deputies,62,,,,female
Q16190627,Verónica Juárez Piña,,,PRD,prd,,Chamber of Deputies,62,,,,female
Q16195306,Verónica Sada Pérez,,,PAN,pan,,Chamber of Deputies,62,,,,female
Q16193802,Vicario Portillo Martínez,,,PRD,prd,,Chamber of Deputies,62,,,,male
Q16145023,Víctor Emanuel Díaz Palacios,,,PRI,pri,,Chamber of Deputies,62,,,,male
Q16213826,Víctor Hugo Velasco Orozco,,,PRI,pri,,Chamber of Deputies,62,,,,male
Q16114032,Víctor Manuel Bautista López,,,PRD,prd,,Chamber of Deputies,62,,,,male
Q16186732,Víctor Manuel Jorrín,,,MC,mc,,Chamber of Deputies,62,,,,male
Q16221887,Víctor Manuel Manríquez,,,PRD,prd,,Chamber of Deputies,62,,,,male
Q16215261,Víctor Oswaldo Fuentes Solís,,,PAN,pan,,Chamber of Deputies,62,,,,male
Q16193122,Víctor Rafael González,,,PAN,pan,,Chamber of Deputies,62,,,,male
Q16186807,Víctor Reymundo Nájera,,,PRD,prd,,Chamber of Deputies,62,,,,male
Q16213636,Víctor Serralde Martínez,,,PAN,pan,,Chamber of Deputies,62,,,,male
Q16189521,William Renán Sosa Altamira,,,PRI,pri,,Chamber of Deputies,62,,,,male
Q16217519,Williams Ochoa,,,PRI,pri,,Chamber of Deputies,62,,,,male
Q16147614,Xavier Azuara Zúñiga,,,PAN,pan,,Chamber of Deputies,62,,,,male
Q16190312,Yazmín Copete,,,PRD,prd,,Chamber of Deputies,62,,,,female
Q16190933,Yesenia Nolasco Ramírez,,,PRD,prd,,Chamber of Deputies,62,,,,female
Q16187255,Zita Beatriz Pazzi,,,PRI,pri,,Chamber of Deputies,62,,,,female
Q16217344,Zuleyma Huidobro,,,MC,mc,,Chamber of Deputies,62,,,,female
Q16196588,Ángel Abel Mavil,,,PRI,pri,,Chamber of Deputies,62,,,,male
Q16190252,Ángel Cedillo Hernández,,,PRD,prd,,Chamber of Deputies,62,,,,male
Q16195419,Óscar Bautista Villegas,,,PRI,pri,,Chamber of Deputies,62,,,,male
